set identity_insert изготовитель on

Insert into изготовитель(id_изготовитель, страна_изготовителя)
Values (1,'Россия'),
 (2,'Германия') 
,(3,'Китай')
, (4,'Италия')
, (5,'Япония') 
, (6,'Норвегия')
, (7,'Швеция') 
, (8,'Великобрит')  
, (9,'Франция') 
, (10,'Беларусь') 

set identity_insert изготовитель off

set identity_insert изделия on

Insert into изделия(id_изделия, количество_дней_на_его_сборку, тип)
Values (1,3,'крепежные')
, (2,4,'корпусные')
, (3,3,'крепежные')
, (4,5,'ювелирные')
, (5,4,'крепежные')
, (6,5,'корпусные')
, (7,5,'крепежные')
, (8,5,'крепежные')
, (9,5,'ювелирные')
, (10,5,'корпусные')

set identity_insert изделия off

set identity_insert компонент on

Insert into компонент(id_компонент, наименование, тип, стоимость, количество, id_изделия, id_изготовитель)
Values (1,'винты','крестообр',400,50,1,1)
, (2,'фанера','дерев',7000,20,2,2)
, (3,'саморезы','гипсокарт',300,50,3,3)
, (4,'серебро','стерлингов',9000,10,4,4)
, (5,'винты','крестообр',100,50,5,5)
, (6,'фанера','дерев',1000,20,6,6)
, (7,'саморезы','гипсокарт',300,50,7,7)
, (8,'саморезы','гипсокарт',200,40,8,8)
, (9,'серебро','матовое',8000,8,9,9)
, (10,'фанера','дерев',7000,10,10,10)
, (11,'фанера2','дерев',1500,10,10,10)

set identity_insert компонент off

set identity_insert продажа on

Insert into продажа(id_продажа, цена_продажи_некоторого_изделия, id_изделия)
Values (1,1200,1)
, (2,28000,2)
, (3,900,3)
, (4,45000,4)
, (5,6000,5)
, (6,108000,6)
, (7,28000,7)
, (8,31000,8)
, (9,79000,9)
, (10,68000,10)

set identity_insert продажа off